,Home,Link,Address,city/postal,phone
0,Acropolis Manor,https://www.seniorsadvocatebc.ca/quickfacts/location/9A8ID, 1325 Summit Avenue, Prince Rupert V8J4C1, (250) 622-6400
1,Aberdeen Hospital,https://www.seniorsadvocatebc.ca/quickfacts/location/9A616, 1450 Hillside Ave., Victoria V8T2B7, (250) 370-5648
2,Adanac Park Lodge,https://www.seniorsadvocatebc.ca/quickfacts/location/919G3, 851 Boundary Road, Vancouver V5K4T2, (604) 299-7567
3,Acacia Ty Mawr,https://www.seniorsadvocatebc.ca/quickfacts/location/99549, 2655 E Shawnigan Lake Rd, Shawnigan Lake V0R2W0, (250) 743-2124
4,Ayre Manor,https://www.seniorsadvocatebc.ca/quickfacts/location/9357A, 6764 Ayre Rd, Sooke V9Z1K1, (250) 642-1750
5,Agassiz Seniors Community,https://www.seniorsadvocatebc.ca/quickfacts/location/936E0, 1525 MacKay Crescent, Agassiz V0M1A3, (604) 796-3886
6,Arrowsmith Lodge,https://www.seniorsadvocatebc.ca/quickfacts/location/995A3, 266 Moilliet St, Parksville V9P1M9, (250) 248-4331
7,Arbutus Care Centre,https://www.seniorsadvocatebc.ca/quickfacts/location/9B814, 4505 Valley Drive, Vancouver V6L2L1, (604) 261-4292
8,Banfield Pavilion - Vancouver General Hospital,https://www.seniorsadvocatebc.ca/quickfacts/location/9A52F, 2785 Ash Street, Vancouver V5Z1M9, (604) 875-4111
9,Beacon Hill Villa,https://www.seniorsadvocatebc.ca/quickfacts/location/91B60, 635 Superior St, Victoria V8V1V1, (250) 383-5447
10,Baillie House,https://www.seniorsadvocatebc.ca/quickfacts/location/9A6G9, 11666 Laity St, Maple Ridge V2X7G5, (604) 476-7888
11,Bastion Place,https://www.seniorsadvocatebc.ca/quickfacts/location/9C094, 700 11 St. NE, Salmon Arm V1E4P9, (250) 833-3616
12,Belvedere Care Centre,https://www.seniorsadvocatebc.ca/quickfacts/location/9BG96, 739 Alderson Avenue, Coquitlam V3K7B3, (604) 939-5991
13,Bella Coola General Hospital,https://www.seniorsadvocatebc.ca/quickfacts/location/9A8DC, 1025 Elcho Street, Bella Coola V0T1C0, (250) 799-5311
14,Beckley Farm Lodge,https://www.seniorsadvocatebc.ca/quickfacts/location/9AB20, 530 Simcoe St, Victoria V8V4W4, (250) 381-4421
15,Berkley Care Centre,https://www.seniorsadvocatebc.ca/quickfacts/location/91GB3, 2444 Burr Place, North Vancouver V7H3A5, (604) 924-8300
16,Bevan Village,https://www.seniorsadvocatebc.ca/quickfacts/location/923E0, 33386 Bevan Ave., Abbotsford V2S5G6, (604) 850-5416
17,Blenheim Lodge,https://www.seniorsadvocatebc.ca/quickfacts/location/999BD, 3263 Blenheim Street, Vancouver V6L2X7, (604) 732-8717
18,Birchview Residences,https://www.seniorsadvocatebc.ca/quickfacts/location/93GDH, 7780 Hart Highway, Prince George V2K3B3, (778) 415-9790
19,Berkley Care Centre - Special Unit,https://www.seniorsadvocatebc.ca/quickfacts/location/93A60, 2444 Burr Place, North Vancouver V7H3A5, (604) 924-8300
20,Brandt's Creek Mews,https://www.seniorsadvocatebc.ca/quickfacts/location/937BA, 2081 Cross Rd, Kelowna V1V2G2, (778) 478-8800
21,Braddan Private Hospital,https://www.seniorsadvocatebc.ca/quickfacts/location/91997, 2450 West 2nd Ave, Vancouver V6K1J6, (604) 731-2127
22,Bradley Center,https://www.seniorsadvocatebc.ca/quickfacts/location/9A6JG, 45600 Menholm Rd, Chilliwack V2P1P7, (604) 795-4102
23,Brentwood House,https://www.seniorsadvocatebc.ca/quickfacts/location/93290, 1167 Stelly's Cross Road, Brentwood Bay V8M1H4, (250) 652-0634
24,Brookhaven Care Centre,https://www.seniorsadvocatebc.ca/quickfacts/location/917I9, 1775 Shannon Lake Rd, West Kelowna V4T2N7, (250) 862-4040
25,Broadway Pentecostal Lodge,https://www.seniorsadvocatebc.ca/quickfacts/location/9A9CE, 1377 Lamey's Mill Rd, Vancouver V6H3S9, (604) 733-1441
26,Brookside Lodge,https://www.seniorsadvocatebc.ca/quickfacts/location/937F0, 19550 Fraser Highway, Surrey V3S6K5, (604) 530-6595
27,Brocklehurst Gemstone Care Centre,https://www.seniorsadvocatebc.ca/quickfacts/location/93E9A, 1955 Tranquille Road, Kamloops V2B3M4, (778) 470-2596
28,Capilano Care Centre,https://www.seniorsadvocatebc.ca/quickfacts/location/9C414, 525 Clyde Avenue, West Vancouver V7T1C4, (604) 926-6856
29,Cairnsmore Place,https://www.seniorsadvocatebc.ca/quickfacts/location/9A5F3, 250 Cairnsmore Street, Duncan V9L4H2, (250) 709-3080
30,Buchanan Lodge,https://www.seniorsadvocatebc.ca/quickfacts/location/9A500, 409 Blair Ave, New Westminster V3L4A4, (604) 522-7033
31,Bulkley Lodge,https://www.seniorsadvocatebc.ca/quickfacts/location/9BDH1, 3668 11th Avenue, Smithers V0J2N0, (250) 847-4443
32,Cartier House Seniors Community,https://www.seniorsadvocatebc.ca/quickfacts/location/992EJ, 1419 Cartier St, Coquitlam V3K2C6, (604) 939-4654
33,Cariboo Place,https://www.seniorsadvocatebc.ca/quickfacts/location/93GGE, 185 Fourth Ave N, Williams Lake V2G2C8, (778) 417-0275
34,Carlton Gardens Care Centre,https://www.seniorsadvocatebc.ca/quickfacts/location/99FE5, 4108 Norfolk Street, Burnaby V5G0B4, (604) 419-3000
35,CareLife Fleetwood,https://www.seniorsadvocatebc.ca/quickfacts/location/9A5AD, 8265 159th Street, Surrey V4N5T5, (604) 598-7200
36,Castleview Care Centre,https://www.seniorsadvocatebc.ca/quickfacts/location/9C017, 2300 14th Ave., Castlegar V1N4A6, (250) 365-7277
37,Cedarview Lodge,https://www.seniorsadvocatebc.ca/quickfacts/location/9AF9E, 1200 Cedar Village Close, North Vancouver V7J3P3, (604) 904-6400
38,Central City Lodge,https://www.seniorsadvocatebc.ca/quickfacts/location/99A78, 415 West Pender St, Vancouver V6B1V2, (604) 681-9111
39,Cerwydden Seniors Community,https://www.seniorsadvocatebc.ca/quickfacts/location/9244A, 3243 Cowichan Lake R, Duncan V9L4B8, (250) 746-4432
40,Cherington Place,https://www.seniorsadvocatebc.ca/quickfacts/location/9B889, 13453 111A Ave, Surrey V3R2C5, (604) 581-2885
41,Chetwynd Hospital and Health Centre,https://www.seniorsadvocatebc.ca/quickfacts/location/922CD, 5500 Hospital road, Chetwynd V0C1J0, (250) 788-2236
42,Christenson Village,https://www.seniorsadvocatebc.ca/quickfacts/location/92I30, 585 Shaw Road, Gibsons V0N1V8, (604) 886-8747
43,Chemainus Health Care Centre,https://www.seniorsadvocatebc.ca/quickfacts/location/9BF66, 9909 Esplanade Street, Chemainus V0R1K1, (250) 737-2040
44,Columbia Garden Village,https://www.seniorsadvocatebc.ca/quickfacts/location/93DHA," 800-10 Ave., Box 578", Invermere V0A1K0, (250) 341-3350
45,Columbia House - Invermere District Hospital,https://www.seniorsadvocatebc.ca/quickfacts/location/915C7, 1030 - 10th Street, Invermere V0A1K0, (250) 342-2329
46,Columbus Residence,https://www.seniorsadvocatebc.ca/quickfacts/location/9BHG7, 704 West 69th Avenue, Vancouver V6P2W3, (604) 321-4405
47,Columbia View Lodge,https://www.seniorsadvocatebc.ca/quickfacts/location/98H3C, 2920 Laburnum Dr, Trail V1R4N2, (250) 364-1271
48,Cormorant Island Health Centre,https://www.seniorsadvocatebc.ca/quickfacts/location/9A72D, 49 School Road, Alert Bay V0N1A0, (250) 974-5585
49,Comox Valley Seniors Village,https://www.seniorsadvocatebc.ca/quickfacts/location/936F0, 4640 Headquarters Rd., Courtenay V9N7J3, (250) 897-1033
50,Cottage and Worthington Pavilions - MSA Hospital,https://www.seniorsadvocatebc.ca/quickfacts/location/9A6GA, 33457 Cottage Lane, Abbotsford V2S0B3, (604) 870-7999
51,Cottonwoods Care Centre,https://www.seniorsadvocatebc.ca/quickfacts/location/9A6EF, 2255 Ethel Street, Kelowna V1Y2Z9, (250) 862-4100
52,Cumberland Lodge,https://www.seniorsadvocatebc.ca/quickfacts/location/995I0, 2696 Windermere Ave, Cumberland V0R1S0, (250) 331-8505 x 68321
53,Crescent Gardens,https://www.seniorsadvocatebc.ca/quickfacts/location/91GD7, 1222 King George Boulevard, Surrey V4A9W6, (604) 541-8861
54,Creekside Landing,https://www.seniorsadvocatebc.ca/quickfacts/location/934BA, 6190 Okanagan Landing Rd, Vernon V1H1M3, (250) 549-9550
55,Crest View Village,https://www.seniorsadvocatebc.ca/quickfacts/location/92DG0, 800 Cavell Street, Creston V0B1G4, (250) 428-9986
56,Czorny Alzheimer Centre,https://www.seniorsadvocatebc.ca/quickfacts/location/9327A, 16850 66th Avenue, Surrey V3S5M1, (604) 575-6700
57,Delta View Habilitation Centre,https://www.seniorsadvocatebc.ca/quickfacts/location/9C280, 9341 Burns Drive, Delta V4K3N3, (604) 596-8842
58,David Lloyd Jones Home,https://www.seniorsadvocatebc.ca/quickfacts/location/99127, 934 Bernard Ave, Kelowna V1Y6P8, (250) 762-2706
59,Dania Home,https://www.seniorsadvocatebc.ca/quickfacts/location/99C1E, 4175 Norland Avenue, Burnaby V5G3S7, (604) 299-2414
60,Discovery Harbour Seniors Community,https://www.seniorsadvocatebc.ca/quickfacts/location/9353A, 850 14th Avenue, Campbell River V9W4H4, (250) 287-7166
61,Dogwood Lodge,https://www.seniorsadvocatebc.ca/quickfacts/location/999F1, 500 West 57th Avenue, Vancouver V6P6E8, (604) 324-6882
62,Delta View Life Enrichment Centre,https://www.seniorsadvocatebc.ca/quickfacts/location/9940H, 9321 Burns Drive, Delta V4K3N3, (604) 501-6700
63,Deni House,https://www.seniorsadvocatebc.ca/quickfacts/location/93B40, 517 6th Ave N., Williams Lake V2G2G8, (250) 302-3208
64,Dr. F. W. Green Memorial Home,https://www.seniorsadvocatebc.ca/quickfacts/location/98F1A, 1700 4th Street St. South, Cranbrook V1C6E1, (250) 426-3710
65,Dr. Andrew Pavilion - Summerland Health Centre,https://www.seniorsadvocatebc.ca/quickfacts/location/9AJF4, 12815 Atkinson Rd., Summerland V0H1Z0, (250)  404-8020
66,Dufferin Place,https://www.seniorsadvocatebc.ca/quickfacts/location/9A6D2, 1200 Dufferin Crescent, Nanaimo V9S2B7, (250) 755-7632
67,Dufferin Care Centre,https://www.seniorsadvocatebc.ca/quickfacts/location/919C4, 1131 Dufferin St, Coquitlam V3B7X5, (604) 552-1166
68,Eagle Park Health Care Facility,https://www.seniorsadvocatebc.ca/quickfacts/location/9154A, 777 Jones St, Qualicum Beach V9K2L1, (250) 947-8220
69,Dunrovin Park Lodge,https://www.seniorsadvocatebc.ca/quickfacts/location/99617, 900 St Laurent Avenue, Quesnel V2J3S3, (250) 985-5800
70,Eagle Ridge Manor - Port Hardy,https://www.seniorsadvocatebc.ca/quickfacts/location/923C0, 9120 Granville Street, Port Hardy V0N2P0, (250) 902-6043
71,Eagle Ridge Manor - Port Moody,https://www.seniorsadvocatebc.ca/quickfacts/location/9C6EC, 475 Guildford Way, Port Moody V3H3W9, (604) 469-3211
72,Eden Gardens,https://www.seniorsadvocatebc.ca/quickfacts/location/9951E, 1917 Northfield Road, Nanaimo V9S3B6, (250) 758-4676
73,Eden Care Centre,https://www.seniorsadvocatebc.ca/quickfacts/location/9AB4F, 9100 Charles Street, Chilliwack V2P5K6, (604) 792-8166
74,Elim Village - The Harrison / Harrison West,https://www.seniorsadvocatebc.ca/quickfacts/location/9371A, 9025 160 Street, Surrey V4N2X7, (604) 587-8999
75,Echo Village,https://www.seniorsadvocatebc.ca/quickfacts/location/9C2F7, 4200 10th Avenue, Port Alberni V9Y4X3, (250) 724-1090
76,Evergreen - The Terraces / The Pointe,https://www.seniorsadvocatebc.ca/quickfacts/location/99420, 1550 Oxford St, White Rock V4B3R5, (604) 536-3344
77,Evergreen House - Lions Gate Hospital,https://www.seniorsadvocatebc.ca/quickfacts/location/9A55C, 231 East 15th Street, North Vancouver V7L2L7, (604) 984-5811
78,Evergreen Seniors Home,https://www.seniorsadvocatebc.ca/quickfacts/location/92J70, 635 Evergreen Rd, Campbell River V9W3R7, (250) 286-7274
79,Evergreen Extended Care - Powell River Hospital,https://www.seniorsadvocatebc.ca/quickfacts/location/9A551, 4970 Joyce Ave., Powell River V8A5P2, (604) 485-2208
80,Fair Haven - Vancouver,https://www.seniorsadvocatebc.ca/quickfacts/location/999HG, 2720 East 48th Ave., Vancouver V5S1G7, (604) 433-2939
81,Fellburn Care Centre,https://www.seniorsadvocatebc.ca/quickfacts/location/9A575, 6050 Hastings St., Burnaby V5B1R6, (604) 412-6503
82,Fair Haven - Vancouver - Special Unit,https://www.seniorsadvocatebc.ca/quickfacts/location/93860, 2720 East 48th Ave., Vancouver V5S1G7, (604) 433-2939
83,Fair Haven - Burnaby,https://www.seniorsadvocatebc.ca/quickfacts/location/99C49, 7557 Sussex Ave., Burnaby V5J3V6, (604) 435-0525
84,Fleetwood Place,https://www.seniorsadvocatebc.ca/quickfacts/location/993E2, 16011 83rd Ave, Surrey V4N0N2, (604) 590-6860
85,Fir Park Village,https://www.seniorsadvocatebc.ca/quickfacts/location/9A919, 4411 Wallace Street, Port Alberni V9Y7Y5, (250) 724-6541
86,Fischer Place/Mill Site Lodge,https://www.seniorsadvocatebc.ca/quickfacts/location/9B9DF, 555 Cedar Ave. South, 100 Mile House V0K2E0, (250) 395-7696
87,Finnish Home,https://www.seniorsadvocatebc.ca/quickfacts/location/999CF, 2288 Harrison Drive, Vancouver V5P2P6, (604) 325-8241
88,Fort Nelson Multi Level Unit,https://www.seniorsadvocatebc.ca/quickfacts/location/91552, 5315 Liard St, Fort Nelson V0C1R0, (250) 774-8100
89,Forest View Place,https://www.seniorsadvocatebc.ca/quickfacts/location/92960, 640 Park Dr., Clearwater V0E1N1, (250) 674-2244
90,Foyer Maillard,https://www.seniorsadvocatebc.ca/quickfacts/location/992J9, 1010 Alderson Avenue, Coquitlam V3K1W1, (604) 937-5578
91,Fort Langley Seniors Community,https://www.seniorsadvocatebc.ca/quickfacts/location/9ACEC, 8838 Glover Road, Langley V1M2R4, (604) 888-0711
92,Fraser Hope Lodge,https://www.seniorsadvocatebc.ca/quickfacts/location/9BJC6, 1275-7th Avenue, Hope V0X1L4, (604) 860-7706
93,Fraserview,https://www.seniorsadvocatebc.ca/quickfacts/location/99BEI, 9580 Williams Road, Richmond V7A1H2, (604) 274-3510
94,George Derby Centre,https://www.seniorsadvocatebc.ca/quickfacts/location/9BC9J, 7550 Cumberland St, Burnaby V3N3X5, (604) 521-2676
95,Gateway Lodge Residential Care,https://www.seniorsadvocatebc.ca/quickfacts/location/937I0, 1488 20th Ave., Prince George V2L0A5, (250) 645-6100
96,George Pearson Centre,https://www.seniorsadvocatebc.ca/quickfacts/location/9A5BF, 700 West 57th Ave., Vancouver V6P1S1, (604) 321-3231
97,German Canadian Care Home,https://www.seniorsadvocatebc.ca/quickfacts/location/999D6, 2010 Harrison Drive, Vancouver V5P2P6, (604) 713-6500
98,Glacier View Lodge,https://www.seniorsadvocatebc.ca/quickfacts/location/99605, 2450 Back Road, Courtenay V9N8B5, (250) 338-1451
99,Gillis House,https://www.seniorsadvocatebc.ca/quickfacts/location/9AAGI, 1699 Tutill Court, Merritt V1K1C6, (250) 378-3271
100,Glenwood Seniors Community,https://www.seniorsadvocatebc.ca/quickfacts/location/923FA, 1458 Glenwood Dr, Agassiz V0M1A3, (604) 796-9202
101,Glenmore Lodge,https://www.seniorsadvocatebc.ca/quickfacts/location/93GE4, 325 Drysdale Blvd., Kelowna V1V1P5, (236) 420-1717
102,Glengarry Hospital,https://www.seniorsadvocatebc.ca/quickfacts/location/9A60F, 1780 Fairfield Rd., Victoria V8S1G7, (250) 370-8699
103,Glenwarren Lodge,https://www.seniorsadvocatebc.ca/quickfacts/location/9B7A0, 1230 Balmoral Rd, Victoria V8T1B3, (250) 383-2323
104,Greenwoods,https://www.seniorsadvocatebc.ca/quickfacts/location/99DD4, 133 Blain Road, Salt Spring Island V8K1Z9, (250) 537-5561
105,Guildford Seniors Village,https://www.seniorsadvocatebc.ca/quickfacts/location/926CA, 14568 104a Ave., Surrey V3R1R3, (604) 582-0808
106,Gorge Road Hospital,https://www.seniorsadvocatebc.ca/quickfacts/location/93000, 63 Gorge Road East, Victoria V9A1L2, Arbutus View: (250) 519-3510 / Water View: (250) 519-3514
107,Haida Gwaii Hospital and Health Centre,https://www.seniorsadvocatebc.ca/quickfacts/location/9A76C, 3209 Oceanview Drive, Queen Charlotte V0T1S0, (250) 559-4900
108,Harmony Court Care Centre,https://www.seniorsadvocatebc.ca/quickfacts/location/91BCE, 7195 Canada Way, Burnaby V5E3R7, (604) 527-3300
109,Hardy View Lodge,https://www.seniorsadvocatebc.ca/quickfacts/location/9ADB9, 7649 22nd St., Grand Forks V0H1H2, (250) 443-2100
110,Harmony Court Care Centre  - Special Unit,https://www.seniorsadvocatebc.ca/quickfacts/location/93A2A, 7195 Canada Way, Burnaby V5E3R7, (604) 527-3300
111,Haro Park Centre,https://www.seniorsadvocatebc.ca/quickfacts/location/9A4I4, 1233 Haro Street, Vancouver V6E3Y5, (604) 687-5584
112,Hawthorne Seniors Care Community,https://www.seniorsadvocatebc.ca/quickfacts/location/992JA, 2111 Hawthorne Ave, Port Coquitlam V3C1W3, (604) 941-4051
113,Henry Durand Manor,https://www.seniorsadvocatebc.ca/quickfacts/location/9A7GF, 803 9th St South, Golden V0A1H0, (250) 344-3402
114,Haven Hill Retirement Centre,https://www.seniorsadvocatebc.ca/quickfacts/location/9C2CB, 415 Haven Hill Road, Penticton V2A4E9, (250) 492-2600
115,Heritage Square,https://www.seniorsadvocatebc.ca/quickfacts/location/9BI83, 3904 27th St., Vernon V1T4X7, (250) 545-2060
116,Hilltop House,https://www.seniorsadvocatebc.ca/quickfacts/location/9AIC3, 38146 Behrner Drive, Squamish V8B0C8, (604) 892-9337
117,Heron Grove,https://www.seniorsadvocatebc.ca/quickfacts/location/92IIA, 4900 - 20th Street, Vernon V1T9W3, (250) 542-6101
118,Hillside Village,https://www.seniorsadvocatebc.ca/quickfacts/location/92FC0, 2891 15 Ave NE, Salmon Arm V1E2B8, (250) 833-5877
119,Heritage Village,https://www.seniorsadvocatebc.ca/quickfacts/location/9C5BC, 7525 Topaz Dr, Chilliwack V2R3C9, (604) 858-1833
120,Holy Family Hospital,https://www.seniorsadvocatebc.ca/quickfacts/location/9A5D8, 7801 Argyle St., Vancouver V5P3L6, (604) 321-2661
121,Holyrood Manor,https://www.seniorsadvocatebc.ca/quickfacts/location/91842, 22710 Holyrood Ave, Maple Ridge V2X3E6, (604) 467-8831
122,Hilton Villa Seniors Community,https://www.seniorsadvocatebc.ca/quickfacts/location/917D8, 13525 Hilton Rd, Surrey V3R5J3, (604) 588-3424
123,Hogg and Weatherby Pavilions - Peace Arch Hospital,https://www.seniorsadvocatebc.ca/quickfacts/location/9A58I, 15521 Russell Ave., White Rock V4B2R4, (604) 541-5837
124,Houston Health Centre,https://www.seniorsadvocatebc.ca/quickfacts/location/937C0, 3202 - 14th St, Houston V0J1Z0, (250) 845-2294
125,Jackson House - Ashcroft Hospital and Health Centre,https://www.seniorsadvocatebc.ca/quickfacts/location/9A6I3, 700 Ash-Cache Creek Hwy, Ashcroft V0K1A0, (250) 453-2211
126,Jackman Manor,https://www.seniorsadvocatebc.ca/quickfacts/location/9ADHD, 27477 28 Ave, Aldergrove V4W3L9, (604) 856-4161
127,Inglewood Care Centre,https://www.seniorsadvocatebc.ca/quickfacts/location/999J9, 725 Inglewood Avenue, West Vancouver V7T1X5, (604) 922-9394
128,James Bay Care Centre,https://www.seniorsadvocatebc.ca/quickfacts/location/9C426, 336 Simcoe St., Victoria V8V1L2, (250) 388-6457
129,Joseph Creek Village,https://www.seniorsadvocatebc.ca/quickfacts/location/92IJA, 1901 Willowbrook Dr, Cranbrook V1C6S4, (250) 417-0666
130,Jubilee Lodge,https://www.seniorsadvocatebc.ca/quickfacts/location/9A69E, 1475 Edmonton Street, Prince George V2M1S2, (250) 565-2286
131,Jubilee Multi Generational Housing Society,https://www.seniorsadvocatebc.ca/quickfacts/location/99C25, 3460 Kalyk Avenue, Burnaby V5G3B2, (604) 434-2666
132,Kimberley Special Care Home,https://www.seniorsadvocatebc.ca/quickfacts/location/91711, 386 2nd Ave, Kimberley V1A2Z8, (250) 427-4807
133,KinVillage West Court,https://www.seniorsadvocatebc.ca/quickfacts/location/9A4JH, 5410 10th Ave., Delta V4M3X8, (604) 943-0155
134,Kinsmen Lodge,https://www.seniorsadvocatebc.ca/quickfacts/location/9942B, 9650 137A Street, Surrey V3T4H9, (604) 588-0445
135,Kamloops Seniors Village,https://www.seniorsadvocatebc.ca/quickfacts/location/92DCA, 1220 Hugh Allan Dr., Kamloops V1S2B3, (250) 571-1800
136,Kiwanis Village Lodge,https://www.seniorsadvocatebc.ca/quickfacts/location/995AE, 1221 Kiwanis Crescent, Nanaimo V9S5Y1, (250) 753-6471
137,Kiwanis Care Centre,https://www.seniorsadvocatebc.ca/quickfacts/location/9AD1I, 35 Clute Street, New Westminster V3L1Z5, (604) 525-6471
138,Kiwanis Pavilion,https://www.seniorsadvocatebc.ca/quickfacts/location/9AC36, 3034 Cedar Hill Road, Victoria V8T3J3, (250) 598-2022
139,Kopernik Lodge,https://www.seniorsadvocatebc.ca/quickfacts/location/99A2I, 3150 Rosemont Drive, Vancouver V5S2C9, (604) 438-2474
140,Lakeshore Care Centre,https://www.seniorsadvocatebc.ca/quickfacts/location/992HG, 657 Gatensbury Street, Coquitlam V3J5G9, (604) 939-9277
141,Lady Minto Hospital,https://www.seniorsadvocatebc.ca/quickfacts/location/9A5G5, 135 Crofton Rd, Salt Spring Island V8K1T1, (250) 538-4804
142,Lake Country Lodge,https://www.seniorsadvocatebc.ca/quickfacts/location/9B969, 100-10163 Konschuh Rd, Winfield V4V2M2, (250) 766-3007
143,Lakeview Care Centre,https://www.seniorsadvocatebc.ca/quickfacts/location/9C477, 3490 Porter Street, Vancouver V5N5W4, (604) 874-2803
144,Lakeview Lodge,https://www.seniorsadvocatebc.ca/quickfacts/location/93DAA, 2337 Butt Road, West Kelowna V4T3L3, (250) 768-3802
145,Langley Lodge,https://www.seniorsadvocatebc.ca/quickfacts/location/98JIE, 5451-204th St, Langley V3A5M9, (604) 530-2305
146,Langley Gardens,https://www.seniorsadvocatebc.ca/quickfacts/location/925CA, 8888 202nd Street, Langley V1M4A7, (604) 888-0228
147,Langley Memorial Hospital ECU,https://www.seniorsadvocatebc.ca/quickfacts/location/9A5E0, 22051 Fraser Hwy, Langley V3A4H4, (604) 514-6026
148,Luther Court,https://www.seniorsadvocatebc.ca/quickfacts/location/99DIG, 1525 Cedar Hill Cross Rd, Victoria V8P5M1, (250) 477-7241
149,Little Mountain Place,https://www.seniorsadvocatebc.ca/quickfacts/location/9BA01, 330 East 36th Avenue, Vancouver V5W3Z4, (604) 325-2298
150,Louis Brier Home and Hospital,https://www.seniorsadvocatebc.ca/quickfacts/location/999G3, 1055 West 41st Ave, Vancouver V6M1W9, (604) 261-9376
151,Laurel Place,https://www.seniorsadvocatebc.ca/quickfacts/location/9359A, 9688 137A St, Surrey V3T4H9, (604) 582-6336
152,MSA Manor,https://www.seniorsadvocatebc.ca/quickfacts/location/98H7B, 2510 Gladwin Rd, Abbotsford V2T3N9, (604) 853-5831
153,Mackenzie and District Hospital and Health Centre,https://www.seniorsadvocatebc.ca/quickfacts/location/93790, 45 Centennial Drive, Mackenzie V0J2C0, (250) 997-3263
154,Lynn Valley Care Centre,https://www.seniorsadvocatebc.ca/quickfacts/location/9B5JB," 1070 Lynn Valley Rd, North", North Vancouver V7J1Z8, (604) 988-4181
155,Malaspina Gardens,https://www.seniorsadvocatebc.ca/quickfacts/location/99I1B, 100 Eleventh Street, Nanaimo V9R6R6, (250) 745-7711
156,Mariposa Gardens,https://www.seniorsadvocatebc.ca/quickfacts/location/935JA, 8816 97th Street (highway 97), Osoyoos V0H1V5, (250) 495-8124
157,Maple Ridge Seniors Village,https://www.seniorsadvocatebc.ca/quickfacts/location/9376A, 22141 - 119th Avenue, Maple Ridge V2X2Y7, (604) 466-3053
158,Maplewood House,https://www.seniorsadvocatebc.ca/quickfacts/location/9BE34, 1919 Jackson St., Abbotsford V2S2Z8, (604) 853-5585
159,McBride and District Hospital,https://www.seniorsadvocatebc.ca/quickfacts/location/9A681, 1136 5th Avenue, McBride V0J2E0, (250) 569-2251
160,McKinney Place - South Okanagan General Hospital,https://www.seniorsadvocatebc.ca/quickfacts/location/9A722, 911 McKinney Road, Oliver V0H1T3, (250) 498-5040
161,Menno Home,https://www.seniorsadvocatebc.ca/quickfacts/location/98H8D, 32910 Brundige Ave, Abbotsford V2S1N2, (604) 853 -2411
162,Minoru Residence,https://www.seniorsadvocatebc.ca/quickfacts/location/9A5B4, 7333 Gollner Avenue, Richmond V6Y0J1, (604) 244-5300
163,Menno Hospital,https://www.seniorsadvocatebc.ca/quickfacts/location/9A6H1, 32945 Marshall Road, Abbotsford V2S1K1, (604) 859-7631
164,Mission Creek Landing,https://www.seniorsadvocatebc.ca/quickfacts/location/98J5G, 3081 Hall Rd, Kelowna V1W2R5, (250) 860-2330
165,Morgan Place,https://www.seniorsadvocatebc.ca/quickfacts/location/926A0, 3288 156a St, Surrey V3Z9T1, (604) 535-7328
166,Minto House - Arrow Lakes Hospital,https://www.seniorsadvocatebc.ca/quickfacts/location/9A5A2, 97 1st Avenue NE, Nakusp V0G1R0, (250) 265-5233
167,Monashee Mews,https://www.seniorsadvocatebc.ca/quickfacts/location/93D80, 2165 Norris Avenue, Lumby V0E2G5, (778) 473-0100
168,Mount St. Mary Hospital,https://www.seniorsadvocatebc.ca/quickfacts/location/9A6A6, 861 Fairfield Rd., Victoria V8V5A9, (250) 480-3103
169,Mount Cartier Court - Queen Victoria Hospital,https://www.seniorsadvocatebc.ca/quickfacts/location/92JJ0, 1200 Newlands Rd, Revelstoke V0E2S1, (250) 814-2232
170,Mount Ida Mews,https://www.seniorsadvocatebc.ca/quickfacts/location/93D60, 100 5th Avenue SE, Salmon Arm V1E4H4, (250) 833-9623
171,Mount Saint Joseph Hospital,https://www.seniorsadvocatebc.ca/quickfacts/location/9A54J, 3080 Prince Edward Street, Vancouver V5T3N4, (604) 874-1141
172,Mount Tolmie Hospital,https://www.seniorsadvocatebc.ca/quickfacts/location/9A5JC, 3690 Richmond Rd., Victoria V8P4R6, (250) 370-5757
173,Mountain Lake Seniors Community,https://www.seniorsadvocatebc.ca/quickfacts/location/92HIA, 908 11th St, Nelson V1L7A6, (250) 352-2600
174,Mountain View Manor - Delta Hospital,https://www.seniorsadvocatebc.ca/quickfacts/location/9A56E, 5800 Mountain View Boulevard, Delta V4K3V6, (604) 940-3416 ext. 787340
175,Mountain View Lodge - Lillooet Hospital and Health Centre,https://www.seniorsadvocatebc.ca/quickfacts/location/9A4E5, 951 Murray St., Lillooet V0K1V0, (250) 256-1312
176,Mountainview Village,https://www.seniorsadvocatebc.ca/quickfacts/location/93240, 1540 K.L.O. Road, Kelowna V1W3P6, (250) 469-6935
177,Mountainview Lodge - Kitimat General Hospital,https://www.seniorsadvocatebc.ca/quickfacts/location/9A630, 920 Lahakas Blvd. S, Kitimat V8C2S3, (250) 632-8357
178,Nanaimo Seniors Village,https://www.seniorsadvocatebc.ca/quickfacts/location/9261A, 6085 Uplands Drive, Nanaimo V9V1T8, (250) 729-9524
179,Nelson Jubilee Manor,https://www.seniorsadvocatebc.ca/quickfacts/location/98G4A, 500 Beasley St West, Nelson V1L6G9, (250) 352-7011
180,Noric House,https://www.seniorsadvocatebc.ca/quickfacts/location/98IF3, 1400 Mission Rd, Vernon V1T9C3, (250) 545-9167
181,Normanna Rest Home,https://www.seniorsadvocatebc.ca/quickfacts/location/9C489, 7725-4th St, Burnaby V3N5B6, (604) 522-5812
182,Nicola Lodge,https://www.seniorsadvocatebc.ca/quickfacts/location/93GBA, 2240 Hawkins St., Port Coquitlam V3B0M2, (604) 945-0058
183,New Vista Care Home,https://www.seniorsadvocatebc.ca/quickfacts/location/99C37, 7550 Rosewood Street, Burnaby V5E3Z3, (604) 521-7764
184,Northern Haida Gwaii Hospital and Health Centre,https://www.seniorsadvocatebc.ca/quickfacts/location/91F3C, 2520 Harrison Avenue, Masset V0T1M0, (250) 626-4700
185,Northcrest Care Centre,https://www.seniorsadvocatebc.ca/quickfacts/location/9C5G2, 6771-120th Street, Delta V4E2A7, (604) 597-7878
186,Oak Bay Lodge,https://www.seniorsadvocatebc.ca/quickfacts/location/99D3D, 2251 Cadboro Bay Rd., Victoria V8R5H3, (250) 370-6605
187,Orchard Haven - South Similkameen Health Centre,https://www.seniorsadvocatebc.ca/quickfacts/location/9252A, 700 3rd St, Keremeos V0X1N0, (250) 499-3030
188,Parkside Care,https://www.seniorsadvocatebc.ca/quickfacts/location/9AI58, 788 Ospika Boulevard, Prince George V2M6Y2, (250) 563-1916
189,Oyster Harbour Seniors Community,https://www.seniorsadvocatebc.ca/quickfacts/location/99G47, 1127 4th Ave, Ladysmith V9G1A6, (250) 245-3318
190,Parkview Place,https://www.seniorsadvocatebc.ca/quickfacts/location/98IEB, 707 3rd Ave, Enderby V0E1V0, (250) 838-2470
191,Overlander Residential Care,https://www.seniorsadvocatebc.ca/quickfacts/location/9A708, 953 Southill Street, Kamloops V2B7Z9, (250) 554-2323
192,Peace Villa,https://www.seniorsadvocatebc.ca/quickfacts/location/9BDGA, 8407 112 Avenue, Fort St John V1J0J5, (250) 774-8100
193,Piccadilly Seniors Community,https://www.seniorsadvocatebc.ca/quickfacts/location/931AA, 821 10th Avenue SW, Salmon Arm V1E1T2, (250) 804-1676
194,Peace Portal Seniors Village,https://www.seniorsadvocatebc.ca/quickfacts/location/9C47I, 15441 - 16th Avenue, Surrey V4A8T8, (604) 535-2273
195,Pine Acres Home,https://www.seniorsadvocatebc.ca/quickfacts/location/9BDAH, 1902 Pheasant Lane, Westbank V4T2H4, (250) 768-7676
196,Pine Grove Seniors Community,https://www.seniorsadvocatebc.ca/quickfacts/location/9A9G2, 313 Mcgowan Street, Kamloops V2B2N8, (250) 376-5701
197,Pleasant Valley Manor,https://www.seniorsadvocatebc.ca/quickfacts/location/9BJG5, 3800 Patten Dr., Armstrong V0E1B2, (250) 546-4707
198,Point Grey Private Hospital,https://www.seniorsadvocatebc.ca/quickfacts/location/9995A, 2423 Cornwall Avenue, Vancouver V6K1B9, (604) 733-7133
199,Pinegrove Place,https://www.seniorsadvocatebc.ca/quickfacts/location/9AG59, 11331 Mellis Drive, Richmond V6X1L8, (604) 278-1296
200,Purdy Pavilion - UBC Hospital,https://www.seniorsadvocatebc.ca/quickfacts/location/9A5C6, 2221 Wesbrook Mall, Vancouver V6T1Z9, (604) 822-7121
201,Poplar Ridge Pavilion - Kootenay Boundary Hospital,https://www.seniorsadvocatebc.ca/quickfacts/location/9A667, 1200 Hospital Bench, Trail V1R4M1, (250) 364-3488
202,Ponderosa Lodge,https://www.seniorsadvocatebc.ca/quickfacts/location/98FA9, 425 Columbia St, Kamloops V2C2T4, (250) 374-5671
203,Polson Residential Care - Vernon Jubilee Hospital,https://www.seniorsadvocatebc.ca/quickfacts/location/9A628, 2101 32nd Street, Vernon V1T5L2, (250) 558-1200
204,Rainbow Lodge,https://www.seniorsadvocatebc.ca/quickfacts/location/9315A, 1000 Liard Drive, Prince George V2M3Z3, (250) 645-6497
205,R. W. Large Memorial Hospital,https://www.seniorsadvocatebc.ca/quickfacts/location/9A773, 88 Waglisla Street, Bella Bella V0T1Z0, (250) 957-2314
206,Queen's Park Care Centre,https://www.seniorsadvocatebc.ca/quickfacts/location/9A5GG, 315 McBride Blvd., New Westminster V3L5E8, (604) 520-0911
207,Qualicum Manor,https://www.seniorsadvocatebc.ca/quickfacts/location/92EE0, 124 Fourth Ave East, Qualicum Beach V9K1N6, (250) 752-1262
208,Rest Haven Lodge,https://www.seniorsadvocatebc.ca/quickfacts/location/9ADH2, 2281 Mills Road, Sidney V8L2C3, (250) 656-0717
209,Ridgeview Lodge,https://www.seniorsadvocatebc.ca/quickfacts/location/93530, 920 Desmond Street, Kamloops V2B5K6, (250) 376-3131
210,Richmond Lions Manor,https://www.seniorsadvocatebc.ca/quickfacts/location/99BGD, 9020 Bridgeport Road, Richmond V6X1S1, (604) 675-2590
211,Renfrew Care Centre,https://www.seniorsadvocatebc.ca/quickfacts/location/9193F, 1880 Renfrew Street, Vancouver V5M3H9, (604) 255-7723
212,Rosemary Heights Seniors Village,https://www.seniorsadvocatebc.ca/quickfacts/location/935CA, 15240-34th Avenue, Surrey V3Z2J9, (778) 545-5000
213,Ridgewood Lodge - Princeton General Hospital,https://www.seniorsadvocatebc.ca/quickfacts/location/9A4J6, 98 Ridgewood Drive, Princeton V0X1W0, (250) 295-3211
214,Rocky Mountain Village,https://www.seniorsadvocatebc.ca/quickfacts/location/92D60, 55 Cokato Road, Fernie V0B1M4, (250) 423-4214
215,Rose Wood Village,https://www.seniorsadvocatebc.ca/quickfacts/location/92CB0, 8125 Devito Drive, Trail V1R4X9, (250) 364-3150
216,Rosewood Manor,https://www.seniorsadvocatebc.ca/quickfacts/location/9ADI4, 6260 Blundell Rd, Richmond V7C5C4, (604) 271-3590
217,Royal Arch Masonic Home,https://www.seniorsadvocatebc.ca/quickfacts/location/9AAG7, 7850 Champlain Cresc, Vancouver V5S4C7, (604) 437-7343
218,Royal Ascot Care Centre,https://www.seniorsadvocatebc.ca/quickfacts/location/917JC, 2455 East Broadway, Vancouver V5M1Y1, (604) 254-5559
219,Rotary Manor,https://www.seniorsadvocatebc.ca/quickfacts/location/9976D, 1121 90th Avenue, Dawson Creek V1G5A3, (250) 719-3480
220,Royal City Manor,https://www.seniorsadvocatebc.ca/quickfacts/location/91JJ3, 77 Jamieson Court, New Westminster V3L5P8, (604) 522-6699
221,Saanich Peninsula Hospital Residential Care,https://www.seniorsadvocatebc.ca/quickfacts/location/9A6B8, 2166 Mt Newton X Rd, Saanichton V8M2B2, (250) 544-7676
222,Shorncliffe,https://www.seniorsadvocatebc.ca/quickfacts/location/9AHA5, 5847 Medusa Street, Sechelt V0N3A0, (604) 885-5126
223,Selkirk Seniors Village,https://www.seniorsadvocatebc.ca/quickfacts/location/93570, 385 Waterfront Crescent, Victoria V8T5K7, (250) 940-1028
224,Simon Fraser Lodge,https://www.seniorsadvocatebc.ca/quickfacts/location/9B65F, 2410 Laurier Cres., Prince George V2M2B3, (250) 563-3413
225,Sidney Care Home,https://www.seniorsadvocatebc.ca/quickfacts/location/9BHDB, 9888 Fifth St., Sidney V8L2X3, (250) 656-0121
226,Silver Kettle Village,https://www.seniorsadvocatebc.ca/quickfacts/location/93CIA, 2350 72nd Avenue, Grand Forks V0H1H4, (250) 442-0667
227,Simon K.Y. Lee Seniors Care Home,https://www.seniorsadvocatebc.ca/quickfacts/location/926I0, 555 Carrall Street, Vancouver V6B2J8, (604) 608-8800
228,Spring Valley Seniors Community,https://www.seniorsadvocatebc.ca/quickfacts/location/990F2, 355 Terai Court, Kelowna V1X5X6, (250) 979-6000
229,Sluggett House,https://www.seniorsadvocatebc.ca/quickfacts/location/9373A, 1336 Marchant Rd., Brentwood Bay V8M1G5, (250) 544-0925
230,Slocan Community Health Centre - The Pavillion,https://www.seniorsadvocatebc.ca/quickfacts/location/98G52, 401 Galena Ave, New Denver V0G1S0, (250) 358-7911
231,St. Jude's Anglican Home,https://www.seniorsadvocatebc.ca/quickfacts/location/999GE, 810 West 27th Avenue, Vancouver V5Z2G7, (604) 874-3200
232,St. Vincent's - Brock Fahrni Pavilion,https://www.seniorsadvocatebc.ca/quickfacts/location/9A587, 4650 Oak St., Vancouver V6H4J4, (604) 806-9710
233,Stanford Seniors Village,https://www.seniorsadvocatebc.ca/quickfacts/location/93590, 250 Craig St, Parksville V9P0A7, (250) 951-0811
234,St. Vincent's - Langara,https://www.seniorsadvocatebc.ca/quickfacts/location/9C05H, 255 W 62nd Ave, Vancouver V5X4V4, (604) 325-4116
235,St. Michael's Centre,https://www.seniorsadvocatebc.ca/quickfacts/location/9A9FB, 7451 Sussex Avenue, Burnaby V5J5C2, (604)-434-1323
236,Stuart Nechako Manor,https://www.seniorsadvocatebc.ca/quickfacts/location/997BF, 3277 Hospital Road, Vanderhoof V0J3A2, (250) 567-2013
237,Stuart Lake Hospital,https://www.seniorsadvocatebc.ca/quickfacts/location/928GA, 600 Stuart Drive E, Fort St. James V0J1P0, (250) 996-8201
238,Summerland Seniors Village,https://www.seniorsadvocatebc.ca/quickfacts/location/92HB0, 12803 Atkinson Road, Summerland V0H1Z4, (250) 404-4400
239,Sun Pointe Village,https://www.seniorsadvocatebc.ca/quickfacts/location/92450, 700 Rutland Road N, Kelowna V1X7W8, (250) 491-1400
240,Sunridge Place Seniors Community,https://www.seniorsadvocatebc.ca/quickfacts/location/93580, 361 Bundock Ave, Duncan V9L3P1, (250) 748-8048
241,Sunnybank Retirement Home,https://www.seniorsadvocatebc.ca/quickfacts/location/98IDJ, 6553 Park Drive, Oliver V0H1T0, (250) 498-4951
242,Sunset Lodge,https://www.seniorsadvocatebc.ca/quickfacts/location/99ICF, 952 Arm Street, Esquimalt V9A4G7, (250) 385-3422
243,Suncreek Village,https://www.seniorsadvocatebc.ca/quickfacts/location/9370A, 13687 62nd Avenue, Surrey V3X0B5, (604) 591-5177
244,Tabor Home,https://www.seniorsadvocatebc.ca/quickfacts/location/98H94, 31944 Sunrise Cres, Abbotsford V2T1N5, (604) 859-8715
245,Talarico Place - Castlegar District Community Health Centre,https://www.seniorsadvocatebc.ca/quickfacts/location/9C0DE, 709 10th Street, Castlegar V1N2H7, (250) 365-7221
246,Terraceview Lodge,https://www.seniorsadvocatebc.ca/quickfacts/location/9AIHF, 4707 Kerby Avenue, Terrace V8G2W2, (250) 631-4209
247,Swan Valley Lodge,https://www.seniorsadvocatebc.ca/quickfacts/location/98F21, 818 Vancouver St, Creston V0B1G4, (250) 428-2283
248,The Cascades Care Community,https://www.seniorsadvocatebc.ca/quickfacts/location/9A599, 45586 Mcintosh Drive, Chilliwack V2P7W8, (604) 795-2500
249,The Gardens at Qualicum Beach,https://www.seniorsadvocatebc.ca/quickfacts/location/9C6H8, 650 Berwick Road North, Qualicum Beach V9K2T8, (250) 752-2818
250,The Hamlets at Penticton,https://www.seniorsadvocatebc.ca/quickfacts/location/93510, 103 Duncan Ave West, Penticton V2A2Y3, (250) 490-8503
251,The Gateby,https://www.seniorsadvocatebc.ca/quickfacts/location/9AFCB, 3000 Gateby Place, Vernon V1T8V8, (250) 545-4456
252,The Heights at Mount View,https://www.seniorsadvocatebc.ca/quickfacts/location/93F7A, 3814 Carey Road, Victoria V8Z4C4, (250) 384-1313
253,The Hamlets at Westsyde,https://www.seniorsadvocatebc.ca/quickfacts/location/930H0, 3255 Overlander Drive, Kamloops V2B0A5, (250) 579-9061
254,The Mayfair,https://www.seniorsadvocatebc.ca/quickfacts/location/9C3GE, 33433 Marshall Road, Abbotsford V2S1K8, (604) 855-7217
255,The Madison Care Centre,https://www.seniorsadvocatebc.ca/quickfacts/location/935IA, 1399 Foster Avenue, Coquitlam V3J2N1, (604) 936-9231
256,The Pines,https://www.seniorsadvocatebc.ca/quickfacts/location/9C373, 800 Centre St., Burns Lake V0J1E0, (250) 692-2490
257,The Priory - Hiscock,https://www.seniorsadvocatebc.ca/quickfacts/location/9A604, 567 Goldstream Ave., Langford V9B2W4, (250) 370-5626
258,The Residence at Clayton Heights,https://www.seniorsadvocatebc.ca/quickfacts/location/93CAA, 18788 71st Avenue, Surrey V4N6L9, (604) 576-2273
259,The Priory - Heritage Woods,https://www.seniorsadvocatebc.ca/quickfacts/location/921JD, 567 Goldstream Ave., Langford V9B2W4, (250) 370-5626
260,The Residence in Mission,https://www.seniorsadvocatebc.ca/quickfacts/location/93F40, 7324 Hurd Street, Mission V2V3H5, (604) 814-6707
261,Three Links Care Centre,https://www.seniorsadvocatebc.ca/quickfacts/location/9AC12, 2934 East 22nd Ave, Vancouver V5M2Y4, (604) 434-7211
262,The Residence at Morgan Heights,https://www.seniorsadvocatebc.ca/quickfacts/location/9375A, 15955 27th Avenue, Surrey V3Z3W3, (604) 535-1118
263,The Views - St. Joseph's General Hospital,https://www.seniorsadvocatebc.ca/quickfacts/location/9A6DD, 2137 Comox Avenue, Comox V9M1P2, (250) 331-8650
264,Trillium Lodge,https://www.seniorsadvocatebc.ca/quickfacts/location/9AD7B, 401 Moilliet St, Parksville V9P1N3, (250) 947-8230
265,Trinity Care Centre,https://www.seniorsadvocatebc.ca/quickfacts/location/9AGF1, 75 Green Ave West, Penticton V2A7N6, (250) 493-6601
266,Three Links Manor,https://www.seniorsadvocatebc.ca/quickfacts/location/9AHHB, 1449 Kelglen Cres, Kelowna V1Y8P4, (250) 763-2585
267,Totem Lodge - Sechelt Hospital,https://www.seniorsadvocatebc.ca/quickfacts/location/9A563, 5544 Sunshine Coast Highway, Sechelt V0N3A0, (604) 885-8602
268,Valhaven Rest Home,https://www.seniorsadvocatebc.ca/quickfacts/location/98H9F, 4212 Balmoral St, Abbotsford V4X1Y5, (604) 856-2812
269,Valleyhaven,https://www.seniorsadvocatebc.ca/quickfacts/location/98HA8, 45450 Menholm Rd., Chilliwack V2P1M2, (604) 792-0037
270,Veterans Memorial Lodge,https://www.seniorsadvocatebc.ca/quickfacts/location/916HD, 4579 Chatterton Way, Saanich V8X4Y7, (250) 658-0311
271,Tsawaayuus - Rainbow Gardens,https://www.seniorsadvocatebc.ca/quickfacts/location/9C2FI, 6151 Russell Place, Port Alberni V9Y7W3, (250) 724-5655
272,Victoria Chinatown Care Centre,https://www.seniorsadvocatebc.ca/quickfacts/location/9AC99, 555 Herald Street, Victoria V8W1S5, (250) 381-4322
273,Villa Cathay Care Home,https://www.seniorsadvocatebc.ca/quickfacts/location/999II, 970 Union Street, Vancouver V6A3V1, (604) 254-5621
274,Villa Carital,https://www.seniorsadvocatebc.ca/quickfacts/location/9198G, 3050 Penticton St, Vancouver V5M4W2, (604) 434-0995
275,Victorian Community Health Centre of Kaslo,https://www.seniorsadvocatebc.ca/quickfacts/location/98GA3, 673A Avenue, Kaslo V0G1M0, (250) 353-2211
276,Waverly Seniors Village,https://www.seniorsadvocatebc.ca/quickfacts/location/922DF, 8445 Young Rd, Chilliwack V2P4P2, (604) 792-6340
277,Village by the Station,https://www.seniorsadvocatebc.ca/quickfacts/location/92CBA, 270 Hastings Avenue, Penticton V2A2V6, (250) 490-4949
278,Village at Mill Creek,https://www.seniorsadvocatebc.ca/quickfacts/location/9911G, 1450 Sutherland Avenue, Kelowna V1Y5Y5, (250) 860-2216
279,Village at Smith Creek,https://www.seniorsadvocatebc.ca/quickfacts/location/9C1H6, 2425 Orlin Road, West Kelowna V4T3C7, (250) 768-0488
280,Westview Extended Care - Pentiction Regional Hospital,https://www.seniorsadvocatebc.ca/quickfacts/location/9A6F7, 550 Carmi Ave, Penticton V2A8P9, (250) 492-9039/(250) 492-9026
281,Westhaven,https://www.seniorsadvocatebc.ca/quickfacts/location/9A642, 3949 Pt. Alberni Hwy, Port Alberni V9Y4S1, (250) 724-8875
282,West Shore Laylum,https://www.seniorsadvocatebc.ca/quickfacts/location/9927D, 4900 Central Ave, Delta V4K2G7, (604) 946-2822
283,West Vancouver Care Centre,https://www.seniorsadvocatebc.ca/quickfacts/location/9B9IG, 1675 27th Street, West Vancouver V7V4K9, (604) 925-1247
284,Wexford Creek Seniors Community,https://www.seniorsadvocatebc.ca/quickfacts/location/9358A, 80 10th Street, Nanaimo V9R0A8, (250) 753-4044
285,White Rock Seniors Village,https://www.seniorsadvocatebc.ca/quickfacts/location/993I1, 1183 Maple Street, White Rock V8B5K9, (604) 541-4663
286,Williams Lake Seniors Village,https://www.seniorsadvocatebc.ca/quickfacts/location/92CIA, 1455 Western Avenue, Williams Lake V2G5N1, (250) 305-1131
287,William Rudd House,https://www.seniorsadvocatebc.ca/quickfacts/location/91828, 95 Blackberry Drive, New Westminster V3L5S7, (604) 517-8640
288,Willingdon Care Centre,https://www.seniorsadvocatebc.ca/quickfacts/location/9B79H, 4435 Grange St, Burnaby V5H1P4, (604) 433-2455
289,Windermere Care Centre,https://www.seniorsadvocatebc.ca/quickfacts/location/9C2G9, 900 West 12th Avenue, Vancouver V5Z1N3, (604) 736-8676
290,Willingdon Creek Village,https://www.seniorsadvocatebc.ca/quickfacts/location/93FB0, 4980 Kiwanis Drive, Powell River V8A5H5, (604) 485-9868
291,Woodgrove Manor,https://www.seniorsadvocatebc.ca/quickfacts/location/91FGB, 6304 Metral Drive, Nanaimo V9T2L8, (250) 390-1036
292,Yucalta Lodge,https://www.seniorsadvocatebc.ca/quickfacts/location/99EJC, 555 - 2nd Avenue, Campbell River V9W3V1, (250) 850-2900
293,Youville Residence,https://www.seniorsadvocatebc.ca/quickfacts/location/99A15, 4950 Heather Street, Vancouver V5Z3L9, (604) 261-9371
294,Yaletown House,https://www.seniorsadvocatebc.ca/quickfacts/location/9B0I5, 1099 Cambie Street, Vancouver V6B5A8, (604) 689-0022
295,Wrinch Memorial Hospital,https://www.seniorsadvocatebc.ca/quickfacts/location/9A63B, 2510 West Hwy 62, Hazelton V0J1Y0, (250) 842-5211
296,Zion Park Manor,https://www.seniorsadvocatebc.ca/quickfacts/location/99444, 5939-180th St, Surrey V3S4L2, (604) 576-2891
