Facility Name,Facility Address,City,Province,Postal,Country,,,,Riding Name (English),Statcan Census Division id,Statcan Census Division Name,Statcan Census Division Type,Statcan Census Division Type Description,Statcan Census Consolidated Subdivision id,Statcan Census Consolidated Subdivision Name,Statcan Census Subdivision id,Statcan Census Subdivision Name,Statcan Census Subdivision Type,Statcan Census Subdivision Type Description,Statcan Census Economic Region,Statcan Census Statistical Area Code,Statcan Census Statistical Area Code Description,Statcan Census Statistical Area Type,Statcan Census Statistical Area Type Description,Statcan Census CMA/CA id,Statcan Census CMA/CA Name,Statcan Census CMA/CA Type,Statcan Census CMA/CA Type Description,Statcan Census Tract,Statcan Census Year
Edson Healthcare Centre (LTC) [Edson Continuing Care],"3825 - 6th Avenue EDSON, Alberta T7E0C5", EDSON,Alberta, T7E0C5,Canada,,,,,,,,,,,,,,,,,,,,,,,,,
Allen Gray Continuing Care Centre,"5005 28 Avenue EDMONTON, Alberta T6L 7G1", EDMONTON,Alberta,T6L 7G1,Canada,,,,,,,,,,,,,,,,,,,,,,,,,
Athabasca Healthcare Centre,"3100 48 Avenue ATHABASCA, Alberta T9S1M9",ABASCA,Alberta, T9S1M9,Canada,,,,,,,,,,,,,,,,,,,,,,,,,
BaAssspaenno  RHidegaelth L Codegnetre,"1610080  52 0A Avevennuue e BADSIDSSABNUOR, YA,l bAelrbtear Tta0 J T0M0B 00W0",,Alberta,0B 00W0,Canada,,,,,,,,,,,,,,,,,,,,,,,,,
Bow View Manor,"4628 Montgomery NW, CALGARY, Alberta T3B0K7",CALGARY,Alberta, T3B0K7,Canada,,,,,,,,,,,,,,,,,,,,,,,,,
Carewest Sarcee,"3504 Sarcee Road SW 608 5 Avenue CALGARY, Alberta T3E BASSANO, Alberta T0J4T4",BASSANO,Alberta, T0J4T4,Canada,,,,,,,,,,,,,,,,,,,,,,,,,
Bethany Airdrie,"1736 1 Avenue NW 608 5 Avenue AIRDRIE, Alberta T4B BASSANO, Alberta T0J2C4",BASSANO,Alberta, T0J2C4,Canada,,,,,,,,,,,,,,,,,,,,,,,,,
Bassano Health Centre,"608 5 Avenue BASSANO, Alberta T0J 0B0",BASSANO,Alberta,T0J 0B0,Canada,,,,,,,,,,,,,,,,,,,,,,,,,
Bentley Care Centre,"4834 52 Avenue BENTLEY, Alberta T0C 0J0",BENTLEY,Alberta,T0C 0J0,Canada,,,,,,,,,,,,,,,,,,,,,,,,,
Bethany Calgary,"916 18A Street NW CALGARY, Alberta T2N 1C6",CALGARY,Alberta,T2N 1C6,Canada,,,,,,,,,,,,,,,,,,,,,,,,,
Bethany Cochrane,"302 Quigley Drive COCHRANE, Alberta T4C 1X9",COCHRANE,Alberta,T4C 1X9,Canada,,,,,,,,,,,,,,,,,,,,,,,,,
Bethany Collegeside (Red Deer),"99 College Circle RED DEER, Alberta, T4R0M3",RED DEER,Alberta, T4R0M3,Canada,,,,,,,,,,,,,,,,,,,,,,,,,
Bethany Harvest Hills,"19 Harvest Gold Manor NE CALGARY, Alberta T3K 4Y1",CALGARY,Alberta,T3K 4Y1,Canada,,,,,,,,,,,,,,,,,,,,,,,,,
Bethany Meadows (LTC),"4209 55 Street CAMROSE, Alberta T4V 1Y6",CAMROSE,Alberta,T4V 1Y6,Canada,,,,,,,,,,,,,,,,,,,,,,,,,
Bethany Sylvan Lake (LTC),"4700 47 Avenue SYLVAN LAKE, Alberta T4S 2M3",SYLVAN LAKE,Alberta,T4S 2M3,Canada,,,,,,,,,,,,,,,,,,,,,,,,,
Beverly Centre Glenmore,"1729 90 Avenue SW CALGARY, Alberta T2V 4S1",CALGARY,Alberta,T2V 4S1,Canada,,,,,,,,,,,,,,,,,,,,,,,,,
Beverly Centre Lake Midnapore,"500 Midpark Way SE CALGARY, Alberta T2X 3S3",CALGARY,Alberta,T2X 3S3,Canada,,,,,,,,,,,,,,,,,,,,,,,,,
Big Country Hospital,312 3 Avenue East OYEN Alberta T0J2J0,OYEN,Alberta, T0J2J0,Canada,,,,,,,,,,,,,,,,,,,,,,,,,
Bonnyville Healthcare Centre,"5001 Lakeshore Drive BONNYVILLE, Alberta T9N 2J7",BONNYVILLE,Alberta,T9N 2J7,Canada,,,,,,,,,,,,,,,,,,,,,,,,,
Bonnyville Healthcare Centre,"5001 Lakeshore Drive BONNYVILLE, Alberta T9N 2J7",BONNYVILLE,Alberta,T9N 2J7,Canada,,,,,,,,,,,,,,,,,,,,,,,,,
Bow Crest Care Centre,"5927 Bowness Road, NW CALGARY, Alberta T3B 0C7",CALGARY,Alberta,T3B 0C7,Canada,,,,,,,,,,,,,,,,,,,,,,,,,
Bow Island Health Centre,"938 Centre Street,   PO Bag 3990 BOW ISLAND, Alberta T0K 0G0",BOW ISLAND,Alberta,T0K 0G0,Canada,,,,,,,,,,,,,,,,,,,,,,,,,
Breton Health Centre,"4919 49 Avenue BRETON, Alberta T0C 0P0",BRETON,Alberta,T0C 0P0,Canada,,,,,,,,,,,,,,,,,,,,,,,,,
Brooks Health Centre,"440 Third Street East (Bag 300, T1R 1B3) BROOKS, Alberta T1R 0X8",BROOKS,Alberta,T1R 0X8,Canada,,,,,,,,,,,,,,,,,,,,,,,,,
Canmore General Hospital [Golden Eagle View LTC],"1100 Hospital Place CANMORE, Alberta T1W 1N2",CANMORE,Alberta,T1W 1N2,Canada,,,,,,,,,,,,,,,,,,,,,,,,,
CapitalCare Dickinsfield,"14225 94 Street NW EDMONTON, Alberta T5E 6C6", EDMONTON,Alberta,T5E 6C6,Canada,,,,,,,,,,,,,,,,,,,,,,,,,
CapitalCare Grandview,"6215 124 Street EDMONTON, Alberta T6H 3V1", EDMONTON,Alberta,T6H 3V1,Canada,,,,,,,,,,,,,,,,,,,,,,,,,
CapitalCare Lynnwood,"8740 165 Street EDMONTON, Alberta, T5R2R8", EDMONTON,Alberta, T5R2R8,Canada,,,,,,,,,,,,,,,,,,,,,,,,,
CapitalCare Norwood,"10410 111 Avenue EDMONTON, Alberta T5G 3A2", EDMONTON,Alberta,T5G 3A2,Canada,,,,,,,,,,,,,,,,,,,,,,,,,
CapitalCare Strathcona (LTC),"12 Brower Drive SHERWOOD PARK, Alberta T8H 1V3",SHERWOOD PARK,Alberta,T8H 1V3,Canada,,,,,,,,,,,,,,,,,,,,,,,,,
Cardston Health Centre,"144 2 Street West PO Box 1440 CARDSTON, Alberta T0K 0K0",CARDSTON,Alberta,T0K 0K0,Canada,,,,,,,,,,,,,,,,,,,,,,,,,
Carewest Colonel Belcher (LTC),"1939 Veterans Way NW CALGARY, Alberta T3B 5Y8",CALGARY,Alberta,T3B 5Y8,Canada,,,,,,,,,,,,,,,,,,,,,,,,,
Carewest Dr. Vernon Fanning Centre,"722 16th Avenue NE CALGARY, Alberta T2E6V7",CALGARY,Alberta, T2E6V7,Canada,,,,,,,,,,,,,,,,,,,,,,,,,
Carewest Garrison Green,"3108 Don Ethell Boulevard SW CALGARY, Alberta T3E 6Z5",CALGARY,Alberta,T3E 6Z5,Canada,,,,,,,,,,,,,,,,,,,,,,,,,
Carewest George Boyack,"1203 Centre Avenue NE CALGARY, Alberta T2E 0A5",CALGARY,Alberta,T2E 0A5,Canada,,,,,,,,,,,,,,,,,,,,,,,,,
Carewest Rouleau Manor,"2208 2 Street SW CALGARY, Alberta T2S 3C3",CALGARY,Alberta,T2S 3C3,Canada,,,,,,,,,,,,,,,,,,,,,,,,,
Carewest Royal Park,"4222 Sarcee Road SW CALGARY, Alberta T3E 7J8",CALGARY,Alberta,T3E 7J8,Canada,,,,,,,,,,,,,,,,,,,,,,,,,
Carewest Signal Pointe,"6363 Simcoe Road SW CALGARY, Alberta T3H 4M3",CALGARY,Alberta,T3H 4M3,Canada,,,,,,,,,,,,,,,,,,,,,,,,,
Central Peace Health Complex,"5010 45 Avenue SPIRIT RIVER, Alberta T0H 3G0",SPIRIT RIVER,Alberta,T0H 3G0,Canada,,,,,,,,,,,,,,,,,,,,,,,,,
Citadel Care Centre,"25 Erin Ridge Road ST. ALBERT, Alberta T8N 7K8",ST. ALBERT,Alberta,T8N 7K8,Canada,,,,,,,,,,,,,,,,,,,,,,,,,
Clearwater Centre (Rocky Mountain House) (LTC),"5615 60 St, Rocky Mountain House, Alberta T4T1W2",ROCKY MOUNTAIN HOUSE,Alberta, T4T1W2,Canada,,,,,,,,,,,,,,,,,,,,,,,,,
Clifton Manor,"4726 8 Avenue SE CALGARY, Alberta T2A 0A8",CALGARY,Alberta,T2A 0A8,Canada,,,,,,,,,,,,,,,,,,,,,,,,,
Club Sierra at River Ridge (LTC),"4 River Ridge Drive NW MEDICINE HAT, Alberta T1A 8V1",MEDICINE HAT,Alberta,T1A 8V1,Canada,,,,,,,,,,,,,,,,,,,,,,,,,
Coaldale Health Centre,"2100 11 Street COALDALE, Alberta T1M 1L2",COALDALE,Alberta,T1M 1L2,Canada,,,,,,,,,,,,,,,,,,,,,,,,,
Cold Lake Healthcare Centre,"314 25 Street COLD LAKE, Alberta T9M 1G6",COLD LAKE,Alberta,T9M 1G6,Canada,,,,,,,,,,,,,,,,,,,,,,,,,
Consort Hospital And Care Centre,"5402 52 Avenue CONSORT, Alberta T0C 1B0",CONSORT,Alberta,T0C 1B0,Canada,,,,,,,,,,,,,,,,,,,,,,,,,
Coronation Hospital And Care Centre,"5000 Municipal Road CORONATION, Alberta T0C 1C0",CORONATION,Alberta,T0C 1C0,Canada,,,,,,,,,,,,,,,,,,,,,,,,,
Crowsnest Pass Health Centre,"2001 107 Street BLAIRMORE, Alberta T0K 0E0",BLAIRMORE,Alberta,T0K 0E0,Canada,,,,,,,,,,,,,,,,,,,,,,,,,
Devon General Hospital,"101 Erie Street South DEVON, Alberta T9G 1A6",DEVON,Alberta,T9G 1A6,Canada,,,,,,,,,,,,,,,,,,,,,,,,,
Devonshire Care Centre,"1808 142 Street NW EDMONTON, Alberta T6R 3H2", EDMONTON,Alberta,T6R 3H2,Canada,,,,,,,,,,,,,,,,,,,,,,,,,
Didsbury District Health Services,"1210 20 Avenue DIDSBURY, Alberta T0M 0W0",DIDSBURY,Alberta,T0M 0W0,Canada,,,,,,,,,,,,,,,,,,,,,,,,,
Dr. Cooke Extended Care Centre,"3915 56 Avenue LLOYDMINSTER, Alberta T9V 1N9",LLOYDMINSTER,Alberta,T9V 1N9,Canada,,,,,,,,,,,,,,,,,,,,,,,,,
Dr. W.R. Keir - Barrhead Continuing Care Centre,"5336 59 Avenue BARRHEAD, Alberta T7N 1L2",BARRHEAD,Alberta,T7N 1L2,Canada,,,,,,,,,,,,,,,,,,,,,,,,,
Drayton Valley Hospital And Care Centre,"4550 Madsen Avenue DRAYTON VALLEY, Alberta T7A 1N8",DRAYTON VALLEY,Alberta,T7A 1N8,Canada,,,,,,,,,,,,,,,,,,,,,,,,,
Drumheller Health Centre,"351 9 Street NW DRUMHELLER, Alberta T0J 0Y1",DRUMHELLER,Alberta,T0J 0Y1,Canada,,,,,,,,,,,,,,,,,,,,,,,,,
Edith Cavell Care Centre,"1255 5 Avenue South LETHBRIDGE, Alberta T1J 0V6",LETHBRIDGE,Alberta,T1J 0V6,Canada,,,,,,,,,,,,,,,,,,,,,,,,,
Edmonton General Continuing Care Centre,"11111 Jasper Avenue EDMONTON, Alberta T5K 0L4", EDMONTON,Alberta,T5K 0L4,Canada,,,,,,,,,,,,,,,,,,,,,,,,,
Elk Point Healthcare Centre,"5310 50 Avenue ELK POINT, Alberta T0A 1A0",ELK POINT,Alberta,T0A 1A0,Canada,,,,,,,,,,,,,,,,,,,,,,,,,
Extendicare Athabasca,"4517 53 Street ATHABASCA, Alberta T9S 1K4",ATHABASCA,Alberta,T9S 1K4,Canada,,,,,,,,,,,,,,,,,,,,,,,,,
Extendicare Bonnyville,"4602 47 Avenue BONNYVILLE, Alberta T9N 2E8",BONNYVILLE,Alberta,T9N 2E8,Canada,,,,,,,,,,,,,,,,,,,,,,,,,
Extendicare Cedars Villa,"3330 8 Avenue SW CALGARY, Alberta T3C 0E7",CALGARY,Alberta,T3C 0E7,Canada,,,,,,,,,,,,,,,,,,,,,,,,,
Extendicare Eaux Claires,"16503 95 Street EDMONTON, Alberta T5Z 0G7", EDMONTON,Alberta,T5Z 0G7,Canada,,,,,,,,,,,,,,,,,,,,,,,,,
Extendicare Fort MacLeod,"654 29 Street Box 189 FORT MACLEOD, Alberta T0L 0Z0",FORT MACLEOD,Alberta,T0L 0Z0,Canada,,,,,,,,,,,,,,,,,,,,,,,,,
Extendicare Hillcrest,"1512 8 Avenue NW CALGARY, Alberta T2N 1C1",CALGARY,Alberta,T2N 1C1,Canada,,,,,,,,,,,,,,,,,,,,,,,,,
Extendicare Holyrood [Extendicare Holyrood (South)],"8008 95 Avenue EDMONTON, Alberta T6C 2T1", EDMONTON,Alberta,T6C 2T1,Canada,,,,,,,,,,,,,,,,,,,,,,,,,
Extendicare Leduc,"4309 50 Street Box 280 LEDUC, Alberta T9E 6K6","LEDUC,",Alberta,T9E 6K6,Canada,,,,,,,,,,,,,,,,,,,,,,,,,
Extendicare Mayerthorpe,"4706 54 Street MAYERTHORPE, Alberta T0E 1N0",MAYERTHORPE,Alberta,T0E 1N0,Canada,,,,,,,,,,,,,,,,,,,,,,,,,
Extendicare Michener Hill (LTC),"12 Michener Boulevard RED DEER, Alberta T4P 0M1",RED DEER,Alberta,T4P 0M1,Canada,,,,,,,,,,,,,,,,,,,,,,,,,
Extendicare St. Paul,"4614 47 Avenue ST. PAUL, Alberta T0A 3A3",ST. PAUL,Alberta,T0A 3A3,Canada,,,,,,,,,,,,,,,,,,,,,,,,,
Extendicare Viking,"5020 57 Avenue Box 430 VIKING, Alberta T0B 4N0",VIKING,Alberta,T0B 4N0,Canada,,,,,,,,,,,,,,,,,,,,,,,,,
Extendicare Vulcan,"715 2 Avenue South VULCAN, Alberta T0L 2B0",VULCAN,Alberta,T0L 2B0,Canada,,,,,,,,,,,,,,,,,,,,,,,,,
Fairview Health Complex [Continuing Care Centre],"10628 110 Street FAIRVIEW, Alberta T0H 1L0",FAIRVIEW,Alberta,T0H 1L0,Canada,,,,,,,,,,,,,,,,,,,,,,,,,
Father Lacombe Care Centre,"270 Providence Boulevard SE, CALGARY, Alberta T2X0V6",CALGARY,Alberta, T2X0V6,Canada,,,,,,,,,,,,,,,,,,,,,,,,,
Foyer Lacombe,"1 St. Vital Avenue ST. ALBERT, Alberta T8N1K1",ST. ALBERT,Alberta, T8N1K1,Canada,,,,,,,,,,,,,,,,,,,,,,,,,
Good Samaritan Society Southgate Care Centre,"4225 107 Street, EDMONTON, Alberta T6J2P1",EDMONTON,Alberta, T6J2P1,Canada,,,,,,,,,,,,,,,,,,,,,,,,,
Good Samaritan Society Pembina Village,"5225 50 Street Evansburg, Alberta T0E0T0",EVANSBURG,Alberta, T0E0T0,Canada,,,,,,,,,,,,,,,,,,,,,,,,,
Galahad Care Centre,"1 Main St GALAHAD, Alberta T0B 1R0",GALAHAD,Alberta,T0B 1R0,Canada,,,,,,,,,,,,,,,,,,,,,,,,,
George McDougall - Smoky Lake Healthcare Centre,"4212 55 Avenue SMOKY LAKE, Alberta T0A 3C0",SMOKY LAKE,Alberta,T0A 3C0,Canada,,,,,,,,,,,,,,,,,,,,,,,,,
Glamorgan Care Centre,"105 Galbraith Drive SW CALGARY, Alberta T3E 4Z5",CALGARY,Alberta,T3E 4Z5,Canada,,,,,,,,,,,,,,,,,,,,,,,,,
Good Samaritan Dr. Gerald Zetter Care Centre,"9649 71 Avenue NW EDMONTON, Alberta T6E 5J2",EDMONTON,Alberta,T6E 5J2,Canada,,,,,,,,,,,,,,,,,,,,,,,,,
Good Samaritan Society Millwoods Centre,"101 Youville Drive East EDMONTON, Alberta T6L 7A4",EDMONTON,Alberta,T6L 7A4,Canada,,,,,,,,,,,,,,,,,,,,,,,,,
Good Samaritan Society Stony Plain Care Centre (LTC),"4800 55 Avenue STONY PLAIN, Alberta T7Z 1P9",STONY PLAIN,Alberta,T7Z 1P9,Canada,,,,,,,,,,,,,,,,,,,,,,,,,
Good Samaritan South Ridge Village (LTC),"550 Spruce Way SE MEDICINE HAT, Alberta T1B 4P1",MEDICINE HAT,Alberta,T1B 4P1,Canada,,,,,,,,,,,,,,,,,,,,,,,,,
Grande Prairie Care Centre,"9705 94 Avenue GRANDE PRAIRIE, Alberta T8V3A2",GRANDE PRAIRIE,Alberta, T8V3A2,Canada,,,,,,,,,,,,,,,,,,,,,,,,,
Grande Prairie Care Centre (LTC),"9705 94 Avenue GRANDE PRAIRIE, Alberta T8V3A2",GRANDE PRAIRIE,Alberta, T8V3A2,Canada,,,,,,,,,,,,,,,,,,,,,,,,,
Grimshaw/Berwyn And District Community Health Centre,"5621 Wilcox Road GRIMSHAW, Alberta T0H 1W0",GRIMSHAW,Alberta,T0H 1W0,Canada,,,,,,,,,,,,,,,,,,,,,,,,,
Hanna Health Centre,"904 Centre Street N, Box 830 HANNA, Alberta T0J 1P0",HANNA,Alberta,T0J 1P0,Canada,,,,,,,,,,,,,,,,,,,,,,,,,
Hardisty Care Centre,"6420 101 Avenue EDMONTON, Alberta T6A 0H5",EDMONTON,Alberta,T6A 0H5,Canada,,,,,,,,,,,,,,,,,,,,,,,,,
Hardisty Health Centre,"4531 47 Avenue, Box 269 HARDISTY, Alberta T0B1V0",HARDISTY,Alberta, T0B1V0,Canada,,,,,,,,,,,,,,,,,,,,,,,,,
High River General Hospital,"560 9 Avenue SW HIGH RIVER, Alberta T1V 1B3",HIGH RIVER,Alberta,T1V 1B3,Canada,,,,,,,,,,,,,,,,,,,,,,,,,
Hythe Continuing Care Centre,"10307 100 Street PO Box 100 HYTHE, Alberta T0H 2C0",HYTHE,Alberta,T0H 2C0,Canada,,,,,,,,,,,,,,,,,,,,,,,,,
Innisfail Health Centre,"5023 42 Street INNISFAIL, Alberta T4G 1A9",INNISFAIL,Alberta,T4G 1A9,Canada,,,,,,,,,,,,,,,,,,,,,,,,,
Intercare Brentwood Care Centre,"2727 16 Avenue NW CALGARY, Alberta T2N 3Y6",CALGARY,Alberta,T2N 3Y6,Canada,,,,,,,,,,,,,,,,,,,,,,,,,
Intercare Chinook Care Centre,"1261 Glenmore Trail SW CALGARY, Alberta T2V 4Y8",CALGARY,Alberta,T2V 4Y8,Canada,,,,,,,,,,,,,,,,,,,,,,,,,
Intercare Southwood Care Centre,"211 Heritage Drive, SE CALGARY, Alberta T2H 1M9",CALGARY,Alberta,T2H 1M9,Canada,,,,,,,,,,,,,,,,,,,,,,,,,
J.B. Wood Continuing Care Centre,"46206 53 Avenue HIGH PRAIRIE, Alberta T0G1E0",HIGH PRAIRIE,Alberta, T0G1E0,Canada,,,,,,,,,,,,,,,,,,,,,,,,,
Jasper Place Continuing Care Centre,"8903 168 Street EDMONTON, Alberta T5R 2V6",EDMONTON,Alberta,T5R 2V6,Canada,,,,,,,,,,,,,,,,,,,,,,,,,
Jubilee Lodge Nursing Home,"10333 76 Street EDMONTON, Alberta T6A 3A8",EDMONTON,Alberta,T6A 3A8,Canada,,,,,,,,,,,,,,,,,,,,,,,,,
Kensington Village Continuing Care Centre (LTC),"12603 135 Avenue EDMONTON, Alberta T5L 5B2",EDMONTON,Alberta,T5L 5B2,Canada,,,,,,,,,,,,,,,,,,,,,,,,,
Killam Health Care Centre,"5203 49 Avenue, Box 40 KILLAM, Alberta T0B 2L0",KILLAM,Alberta,T0B 2L0,Canada,,,,,,,,,,,,,,,,,,,,,,,,,
Killam Health Care Centre,"5203 49 Avenue, Box 40 KILLAM, Alberta T0B 2L0",KILLAM,Alberta,T0B 2L0,Canada,,,,,,,,,,,,,,,,,,,,,,,,,
La Crete Continuing Care Centre,"10601 100 Avenue Box 295 LA CRETE, Alberta T0H 2H0",LA CRETE,Alberta,T0H 2H0,Canada,,,,,,,,,,,,,,,,,,,,,,,,,
Lacombe Hospital And Care Centre,"5430 47 Avenue LACOMBE, Alberta T4L 1G8",LACOMBE,Alberta,T4L 1G8,Canada,,,,,,,,,,,,,,,,,,,,,,,,,
Lamont Health Care Centre,"5216 53 Street Bag 10 LAMONT, Alberta T0B 2R0",LAMONT,Alberta,T0B 2R0,Canada,,,,,,,,,,,,,,,,,,,,,,,,,
Lloydminster Continuing Care Centre,"7402 ‚Äì 29th Street, LLOYDMINSTER, Alberta, T9V 3N1",LLOYDMINSTER,Alberta,T9V 3N1,Canada,,,,,,,,,,,,,,,,,,,,,,,,,
Louise Jensen Care Centre,"5400 46 Avenue CAMROSE, Alberta T4V 4P8",CAMROSE,Alberta,T4V 4P8,Canada,,,,,,,,,,,,,,,,,,,,,,,,,
Milk River Health Centre,"517 Centre Avenue East MILK RIVER, Alberta T0K1M0",MILK RIVER,Alberta, T0K1M0,Canada,,,,,,,,,,,,,,,,,,,,,,,,,
Manning Community Health Centre,"600 2 Street NE MANNING, Alberta T0H 2M0",MANNING,Alberta,T0H 2M0,Canada,,,,,,,,,,,,,,,,,,,,,,,,,
Mannville Care Centre,"5007 46 Street MANNVILLE, Alberta T0B 2W0",MANNVILLE,Alberta,T0B 2W0,Canada,,,,,,,,,,,,,,,,,,,,,,,,,
Manoir Du Lac (LTC),"164 3 Avenue NW MCLENNAN, Alberta T0H 2L0",MCLENNAN,Alberta,T0H 2L0,Canada,,,,,,,,,,,,,,,,,,,,,,,,,
Mary Immaculate Hospital,"Polomark Drive and 53 Street Box 349 MUNDARE,  Alberta  T0B3H0",MUNDARE,Alberta, T0B3H0,Canada,,,,,,,,,,,,,,,,,,,,,,,,,
Mayerthorpe Healthcare Centre,"4417 45 Street MAYERTHORPE, Alberta T0E1N0",MAYERTHORPE,Alberta, T0E1N0,Canada,,,,,,,,,,,,,,,,,,,,,,,,,
Mayfair Care Centre,"8240 Collicut Street SW CALGARY, Alberta T2V 2X1",CALGARY,Alberta,T2V 2X1,Canada,,,,,,,,,,,,,,,,,,,,,,,,,
McKenzie Towne Care Centre,"80 Promenade Way SE CALGARY,  Alberta  T2Z4G4",CALGARY,Alberta, T2Z4G4,Canada,,,,,,,,,,,,,,,,,,,,,,,,,
Miller Crossing Care Centre,"14251 50 Street NW EDMONTON, Alberta T5A 5J4",EDMONTON,Alberta,T5A 5J4,Canada,,,,,,,,,,,,,,,,,,,,,,,,,
Millrise Place (LTC),"14911 5 Street SW CALGARY, Alberta T2Y 5B9",CALGARY,Alberta,T2Y 5B9,Canada,,,,,,,,,,,,,,,,,,,,,,,,,
Millwoods Shepherd‚Äôs Care Centre,"6620 28 Avenue EDMONTON, Alberta T6K 2R1",EDMONTON,Alberta,T6K 2R1,Canada,,,,,,,,,,,,,,,,,,,,,,,,,
Mineral Springs Hospital,"305 Lynx Street PO Box 1050 BANFF, Alberta T1L 1H7",BANFF,Alberta,T1L 1H7,Canada,,,,,,,,,,,,,,,,,,,,,,,,,
Mineral Springs Hospital,"305 Lynx Street PO Box 1050 BANFF, Alberta T1L 1H7",BANFF,Alberta,T1L 1H7,Canada,,,,,,,,,,,,,,,,,,,,,,,,,
Mount Royal Care Centre,"1813 9 Street SW CALGARY, Alberta T2T 3C2",CALGARY,Alberta,T2T 3C2,Canada,,,,,,,,,,,,,,,,,,,,,,,,,
Newport Harbour Care Centre,"10 Country Village Cove NE CALGARY, Alberta T3K 6B4",CALGARY,Alberta,T3K 6B4,Canada,,,,,,,,,,,,,,,,,,,,,,,,,
Northcott Care Centre (Ponoka),"4209 48 Avenue PONOKA, Alberta T5J 1P4",PONOKA,Alberta,T5J 1P4,Canada,,,,,,,,,,,,,,,,,,,,,,,,,
Northern Lights Regional Health Centre,"7 Hospital Street FORT MCMURRAY, Alberta T9H 1P2",FORT MCMURRAY,Alberta,T9H 1P2,Canada,,,,,,,,,,,,,,,,,,,,,,,,,
Northwest Health Centre,"11202 100 Avenue HIGH LEVEL, Alberta T0H 1Z0",HIGH LEVEL,Alberta,T0H 1Z0,Canada,,,,,,,,,,,,,,,,,,,,,,,,,
Oilfields General Hospital,"717 Government Road BLACK DIAMOND, Alberta T0L 0H0",BLACK DIAMOND,Alberta,T0L 0H0,Canada,,,,,,,,,,,,,,,,,,,,,,,,,
Olds Hospital And Care Centre,"3901 57 Avenue OLDS, Alberta T4H 1T4",OLDS,Alberta,T4H 1T4,Canada,,,,,,,,,,,,,,,,,,,,,,,,,
Our Lady Of The Rosary Hospital,"5402 47 Street CASTOR, Alberta T0C 0X0",CASTOR,Alberta,T0C 0X0,Canada,,,,,,,,,,,,,,,,,,,,,,,,,
Our Lady Of The Rosary Hospital,"5402 47 Street CASTOR, Alberta T0C 0X0",CASTOR,Alberta,T0C 0X0,Canada,,,,,,,,,,,,,,,,,,,,,,,,,
Peace River Community Health Centre,"10101 68 Street PEACE RIVER, Alberta T8S 1T6",PEACE RIVER,Alberta,T8S 1T6,Canada,,,,,,,,,,,,,,,,,,,,,,,,,
Pincher Creek Health Centre,"1222 Mill Ave PINCHER CREEK, Alberta T0K 1W0",PINCHER CREEK,Alberta,T0K 1W0,Canada,,,,,,,,,,,,,,,,,,,,,,,,,
Points West Living Grande Prairie (LTC),"11460 104 Avenue GRANDE PRAIRIE, Alberta T8V 3G9",GRANDE PRAIRIE,Alberta,T8V 3G9,Canada,,,,,,,,,,,,,,,,,,,,,,,,,
Ponoka Hospital And Care Centre,"5800 57 Avenue PONOKA, Alberta T4J 1P1",PONOKA,Alberta,T4J 1P1,Canada,,,,,,,,,,,,,,,,,,,,,,,,,
Providence Care Centre (LTC),"149 Providence Boulevard SE CALGARY, Alberta, T2X 0X2",CALGARY,Alberta,T2X 0X2,Canada,,,,,,,,,,,,,,,,,,,,,,,,,
Provost Health Centre,"5002 54 Avenue Box 270 PROVOST, Alberta T0B 3S0",PROVOST,Alberta,T0B 3S0,Canada,,,,,,,,,,,,,,,,,,,,,,,,,
Rosehaven Care Centre,"4612 53 Street CAMROSE,  Alberta  T4V1Y6",CAMROSE,Alberta, T4V1Y6,Canada,,,,,,,,,,,,,,,,,,,,,,,,,
Radway Continuing Care Centre,"Hwy 28, Range Road 205 RADWAY, Alberta T0A 2V0",RADWAY,Alberta,T0A 2V0,Canada,,,,,,,,,,,,,,,,,,,,,,,,,
Raymond Health Centre,"150 N 4 Street East RAYMOND, Alberta T0K 2S0",RAYMOND,Alberta,T0K 2S0,Canada,,,,,,,,,,,,,,,,,,,,,,,,,
Redwater Health Centre,"4812 58 Street REDWATER, Alberta T0A 2W0",REDWATER,Alberta,T0A 2W0,Canada,,,,,,,,,,,,,,,,,,,,,,,,,
Rimbey Hospital And Care Centre,"5228 50 Avenue RIMBEY, Alberta T0C 2J0",RIMBEY,Alberta,T0C 2J0,Canada,,,,,,,,,,,,,,,,,,,,,,,,,
Rivercrest Care Centre,"10104 101 Avenue FORT SASKATCHEWAN, Alberta T8L 2A5",FORT SASKATCHEWAN,Alberta,T8L 2A5,Canada,,,,,,,,,,,,,,,,,,,,,,,,,
Riverview Care Centre,"603 Prospect Drive SW MEDICINE HAT, Alberta T1A 4C2",MEDICINE HAT,Alberta,T1A 4C2,Canada,,,,,,,,,,,,,,,,,,,,,,,,,
Sagewood Seniors Community (LTC),"140 Cambridge Glen Drive STRATHMORE, Alberta T1P1N3",STRATHMORE,Alberta, T1P1N3,Canada,,,,,,,,,,,,,,,,,,,,,,,,,
Salem Manor Nursing Home,"4419 46 Street LEDUC, Alberta T9E 6L2","LEDUC,",Alberta,T9E 6L2,Canada,,,,,,,,,,,,,,,,,,,,,,,,,
Edmonton Chinatown Care Centre (LTC),"9539 102A Avenue EDMONTON, Alberta T5H 0G2",EDMONTON,Alberta,T5H 0G2,Canada,,,,,,,,,,,,,,,,,,,,,,,,,
Seton Seniors Community (LTC),"4963 Front Street SE CALGARY, Alberta, T3M 2M3",CALGARY,Alberta,T3M 2M3,Canada,,,,,,,,,,,,,,,,,,,,,,,,,
Sherwood Care,"2020 Brentwood Boulevard N SHERWOOD PARK, Alberta T8A 0X1",SHERWOOD PARK,Alberta,T8A 0X1,Canada,,,,,,,,,,,,,,,,,,,,,,,,,
Slave Lake Healthcare Centre,"309 6 Street NE SLAVE LAKE, Alberta T0G 2A2",SLAVE LAKE,Alberta,T0G 2A2,Canada,,,,,,,,,,,,,,,,,,,,,,,,,
Smoky Lake Continuing Care Centre,"4607 52 Avenue SMOKY LAKE, Alberta T0A 3C0",SMOKY LAKE,Alberta,T0A 3C0,Canada,,,,,,,,,,,,,,,,,,,,,,,,,
South Terrace Continuing Care Centre,"5905 112 Street EDMONTON, Alberta T6H 3J4",EDMONTON,Alberta,T6H 3J4,Canada,,,,,,,,,,,,,,,,,,,,,,,,,
St. Joseph's Auxiliary Hospital,"10707 29 Avenue EDMONTON, Alberta T6J 6W1",EDMONTON,Alberta,T6J 6W1,Canada,,,,,,,,,,,,,,,,,,,,,,,,,
St. Mary's Health Care Centre,"451 Dechauney Avenue TROCHU, Alberta T0M 2C0",TROCHU,Alberta,T0M 2C0,Canada,,,,,,,,,,,,,,,,,,,,,,,,,
St. Michael's Health Centre,"1400 9 Avenue South LETHBRIDGE, Alberta T1J 4V5",LETHBRIDGE,Alberta,T1J 4V5,Canada,,,,,,,,,,,,,,,,,,,,,,,,,
St. Michael's Long Term Care Centre,"7404 139 Avenue EDMONTON, Alberta T5C3H7",EDMONTON,Alberta, T5C3H7,Canada,,,,,,,,,,,,,,,,,,,,,,,,,
St. Theresa General Hospital,"4506 46 Avenue FORT VERMILION, Alberta T0H 1N0",VERMILION,Alberta,T0H 1N0,Canada,,,,,,,,,,,,,,,,,,,,,,,,,
St. Therese - St. Paul Healthcare Centre,"4713 48 Avenue ST. PAUL, Alberta T0A 3A3",ST. PAUL,Alberta,T0A 3A3,Canada,,,,,,,,,,,,,,,,,,,,,,,,,
Stettler Hospital And Care Centre,"5912 47 Avenue STETTLER, Alberta T0C 2L0",STETTLER,Alberta,T0C 2L0,Canada,,,,,,,,,,,,,,,,,,,,,,,,,
Sundre Hospital And Care Centre,"709 1 Street NE SUNDRE, Alberta T0M 1X0",SUNDRE,Alberta,T0M 1X0,Canada,,,,,,,,,,,,,,,,,,,,,,,,,
Sunnyside Care Centre [South Country Village Campus]               (LTC),"1720 Bell Street SW MEDICINE HAT, Alberta T1A 5G1",MEDICINE HAT,Alberta,T1A 5G1,Canada,,,,,,,,,,,,,,,,,,,,,,,,,
Sunrise Village Drayton Valley [Sunrise Village (Drayton) Holdings Ltd.],"3902 47 Street DRAYTON VALLEY, Alberta T7AA02",DRAYTON VALLEY,Alberta, T7AA02,Canada,,,,,,,,,,,,,,,,,,,,,,,,,
Taber Health Centre,"4326 50 Avenue TABER, Alberta T1G 1N9",TABER,Alberta,T1G 1N9,Canada,,,,,,,,,,,,,,,,,,,,,,,,,
The Dianne And Irving Kipnes Centre For Veterans,"4470 McCrae Avenue EDMONTON, Alberta T5E 6M8",EDMONTON,Alberta,T5E 6M8,Canada,,,,,,,,,,,,,,,,,,,,,,,,,
The Valleyview (LTC),"65 Valleyview Drive SW MEDICINE HAT, Alberta T1A 7K5",MEDICINE HAT,Alberta,T1A 7K5,Canada,,,,,,,,,,,,,,,,,,,,,,,,,
Three Hills Health Centre,"1504 2 Street North THREE HILLS, Alberta T0M 2A0",THREE HILLS,Alberta,T0M 2A0,Canada,,,,,,,,,,,,,,,,,,,,,,,,,
Tofield Health Centre,"5543 44 Street Box 1200 TOFIELD, Alberta T0B 4J0",TOFIELD,Alberta,T0B 4J0,Canada,,,,,,,,,,,,,,,,,,,,,,,,,
Touchmark At Wedgewood,"18333 Lessard Road EDMONTON, Alberta T6M 2Y5",EDMONTON,Alberta,T6M 2Y5,Canada,,,,,,,,,,,,,,,,,,,,,,,,,
Two Hills Health Centre,"4401 53 Avenue TWO HILLS, Alberta T0B 4K0",TWO HILLS,Alberta,T0B 4K0,Canada,,,,,,,,,,,,,,,,,,,,,,,,,
Valleyview Health Centre,"4802 Highway Street East VALLEYVIEW, Alberta T0H3N0",VALLEYVIEW,Alberta, T0H3N0,Canada,,,,,,,,,,,,,,,,,,,,,,,,,
Vegreville Care Centre,"4525 50 Street VEGREVILLE, Alberta T9A0A1",VEGREVILLE,Alberta, T9A0A1,Canada,,,,,,,,,,,,,,,,,,,,,,,,,
Venta Care Centre,"13525 102 Street EDMONTON, Alberta T5E 4K3",EDMONTON,Alberta,T5E 4K3,Canada,,,,,,,,,,,,,,,,,,,,,,,,,
Vermilion Health Centre,"5720 50 Avenue VERMILION, Alberta T9X 1K7",VERMILION,Alberta,T9X 1K7,Canada,,,,,,,,,,,,,,,,,,,,,,,,,
Vulcan Community Health Centre,"610 Elizabeth Street S VULCAN, Alberta T0L 2B0",VULCAN,Alberta,T0L 2B0,Canada,,,,,,,,,,,,,,,,,,,,,,,,,
Wainwright Health Centre,"530 6 Avenue WAINWRIGHT, Alberta T9W 1R6",WAINWRIGHT,Alberta,T9W 1R6,Canada,,,,,,,,,,,,,,,,,,,,,,,,,
Walden Heights Seniors Community (LTC),"250 Walden Drive SE CALGARY, Alberta T2X 0V1",CALGARY,Alberta,T2X 0V1,Canada,,,,,,,,,,,,,,,,,,,,,,,,,
Wentworth Manor ‚Äì The Court (LTC),"5717 14 Avenue SW CALGARY, Alberta T3H3M2",CALGARY,Alberta, T3H3M2,Canada,,,,,,,,,,,,,,,,,,,,,,,,,
Westlock Healthcare Centre [Westlock Continuing Care Centre],"10220 93 Street WESTLOCK, Alberta T7P2G4",WESTLOCK,Alberta, T7P2G4,Canada,,,,,,,,,,,,,,,,,,,,,,,,,
Westview Care Community,"700 Nursing Home Road LINDEN, Alberta T0M 1J0",LINDEN,Alberta,T0M 1J0,Canada,,,,,,,,,,,,,,,,,,,,,,,,,
Westview Health Centre - Stony Plain,"4405 Southpark Drive STONY PLAIN, Alberta T7Z2M7",STONY PLAIN,Alberta, T7Z2M7,Canada,,,,,,,,,,,,,,,,,,,,,,,,,
Wetaskiwin Hospital and Care Centre,"6910 47 Street WETASKIWIN, Alberta T9A3N3",WETASKIWIN,Alberta, T9A3N3,Canada,,,,,,,,,,,,,,,,,,,,,,,,,
William J. Cadzow - Lac La Biche Healthcare Centre,"9110 93 Street LAC LA BICHE, Alberta T0A 2C0",LAC LA BICHE,Alberta,T0A 2C0,Canada,,,,,,,,,,,,,,,,,,,,,,,,,
Willow Creek Continuing Care Centre,"4221 8 Street West CLARESHOLM, Alberta T0L 0T0",CLARESHOLM,Alberta,T0L 0T0,Canada,,,,,,,,,,,,,,,,,,,,,,,,,
Wing Kei Care Centre,"1212 Centre Street NE CALGARY, Alberta T2E 2R4",CALGARY,Alberta,T2E 2R4,Canada,,,,,,,,,,,,,,,,,,,,,,,,,
Youville Auxiliary Hospital (Grey Nuns) Of St. Albert,"9 St. Vital Avenue ST. ALBERT, Alberta T8N 1K1",ST. ALBERT,Alberta,T8N 1K1,Canada,,,,,,,,,,,,,,,,,,,,,,,,,